time_s,x_m,y_m,z_m,ref_x_m,ref_y_m,ref_z_m,vx_mps,vy_mps,vz_mps,ax_mps2,ay_mps2,az_mps2,roll_rad,pitch_rad,yaw_rad,ft_N,tx_Nm,ty_Nm,tz_Nm,tracking_error_m
0.1,-3648.537712282489,719.1992782625305,10.187660462845667,-3652.537,719.199,10.197000000000001,-0.02894740569321625,0.025987324943092752,-0.14120277836289977,-0.49183133674720136,1.1706844576645303,0.03252462912981452,-0.05929855147187527,-0.05928491730161435,0.26206151692596624,-3652.537,719.199,3.141592653589793,10.197000000000001,3.9992986324877053
0.2,-3648.5449093941243,719.2032041262414,10.173688655190416,-3652.537,719.199,10.197000000000001,-0.07813053936793639,0.14305577070954578,-0.13795031544991831,-0.04946863031408899,1.5061378576972746,0.16521839880572675,-0.13786318637861547,-0.059908597960020085,0.5408918080493621,-3652.537,719.199,3.141592653589793,10.197000000000001,3.9921608809007276
0.30000000000000004,-3648.5636774041755,719.2155427802202,10.15878432727572,-3652.537,719.199,10.197000000000001,-0.03884113175603403,0.32721489648254776,-0.10815909860175443,1.0119341499290302,1.8821746799514258,0.3329285692580651,-0.19142769194860423,0.01022984988878612,0.8101593037000452,-3652.537,719.199,3.141592653589793,10.197000000000001,3.973540807857343
0.4,-3648.5951923478256,719.2409260088461,10.140982880850457,-3652.537,719.199,10.197000000000001,0.12425629061786958,0.519490706699831,-0.07136460159830531,2.1474945774891636,1.683515838152462,0.3094607709936221,-0.21740290953533836,0.07772151602219425,1.0805491579706592,-3652.537,719.199,3.141592653589793,10.197000000000001,3.9424286010776455
0.5,-3648.6414980484547,719.2821428391421,10.118798503949671,-3652.537,719.199,10.197000000000001,0.3906577837417985,0.66391806411304,-0.04626694440303003,2.988858599626849,1.0139587970580806,0.2795300929175063,-0.223857500312486,0.12443126777384277,1.3562360303474261,-3652.537,719.199,3.141592653589793,10.197000000000001,3.8971738042044333
0.6000000000000001,-3648.7059739220576,719.3390705344015,10.091837251761106,-3652.537,719.199,10.197000000000001,0.7220280105432396,0.722282466111447,-0.015458583014804017,3.341422582571435,0.1688996419836042,0.23709850963704104,-0.21908354195261953,0.15244639895366172,1.6375472411012084,-3652.537,719.199,3.141592653589793,10.197000000000001,3.835028000953532
0.7000000000000001,-3648.7923899391785,719.4089151950631,10.061774874784142,-3652.537,719.199,10.197000000000001,1.0589423002560858,0.697697992509761,0.0011527575243782118,3.0797346731968163,-0.3881327359736839,0.25844590088787456,-0.21306597541415748,0.15107402995419394,1.9044349329126966,-3652.537,719.199,3.141592653589793,10.197000000000001,3.7529261558432014
0.8,-3648.9039964970007,719.4857763685918,10.033701271548757,-3652.537,719.199,10.197000000000001,1.3379749451826026,0.6446559189167103,0.03623059716277088,2.4336162535866688,-0.46805515884861393,0.248128935168696,-0.21788119074141027,0.1170890701931357,2.1319641267664573,-3652.537,719.199,3.141592653589793,10.197000000000001,3.64796129544991
0.9,-3649.041071738684,719.560746207883,10.010714523879944,-3652.537,719.199,10.197000000000001,1.5456655509734194,0.6040869607400382,0.050778544558117394,1.773285507681364,-0.20524050654408832,0.13749449976167194,-0.23335274961769947,0.07737097637723162,2.3220039648006714,-3652.537,719.199,3.141592653589793,10.197000000000001,3.519527952126223
1.0,-3649.201430304137,719.6247169263842,9.994206623711692,-3652.537,719.199,10.197000000000001,1.6926320467188753,0.6036078176078926,0.06372949711510525,1.2392420001346105,0.17210598072388583,0.18422002636903861,-0.25081322565960346,0.04308071830496909,2.4779220808783338,-3652.537,719.199,3.141592653589793,10.197000000000001,3.3687364472210146
1.1,-3649.380910605014,719.6708020334139,9.983220622458564,-3652.537,719.199,10.197000000000001,1.7935139510003413,0.6385081568848154,0.08762254983192513,0.8169304947993474,0.3773520676100479,0.12733278016923205,-0.23154955689483525,0.01404558602430771,2.605294358742303,-3652.537,719.199,3.141592653589793,10.197000000000001,3.1983119063246326
1.2000000000000002,-3649.573828429017,719.6962438343713,9.979247854976649,-3652.537,719.199,10.197000000000001,1.8560181456787448,0.6790782311299023,0.08919605314895168,0.465777043445307,0.3686851208329549,0.015455628805132793,-0.1957333989236286,-0.010229159815240058,2.707554232354975,-3652.537,719.199,3.141592653589793,10.197000000000001,3.0124828939869546
1.3,-3649.773897258105,719.7022965341077,9.981044721945652,-3652.537,719.199,10.197000000000001,1.8866693596894022,0.7122451810514063,0.09071367559295168,0.1911879300886401,0.2788946283060718,0.04388732346476698,-0.15815657847391515,-0.02694188091306002,2.7891358619965114,-3652.537,719.199,3.141592653589793,10.197000000000001,2.8168565539676673
1.4000000000000001,-3649.976374631146,719.6916881023398,9.987621408649716,-3652.537,719.199,10.197000000000001,1.8942557316964728,0.7348571567911167,0.09797351784190511,-0.0004178537542038896,0.16491380064953454,-0.008244236650934822,-0.12276989183543417,-0.03626932567226555,2.8542799276917807,-3652.537,719.199,3.141592653589793,10.197000000000001,2.615986093296533
1.5,-3650.178101823834,719.6677973227271,9.997076805569865,-3652.537,719.199,10.197000000000001,1.8865857889385613,0.7452279411813131,0.08906482826276474,-0.12342291980189302,0.04433335123766469,-0.07796089864119982,-0.0908892880802379,-0.04007513931081859,2.9067906031972455,-3652.537,719.199,3.141592653589793,10.197000000000001,2.4133256761129585
1.6,-3650.3772125058126,719.6339196403728,10.007878667332538,-3652.537,719.199,10.197000000000001,1.8695711477360941,0.7437238270386498,0.08238133811366517,-0.19308372677561003,-0.06527930544823857,-0.10279098447475332,-0.06384540574795022,-0.04010295313521918,2.94941856432873,-3652.537,719.199,3.141592653589793,10.197000000000001,2.2112448964552396
1.7000000000000002,-3650.572737828567,719.5928771799312,10.01975026041759,-3652.537,719.199,10.197000000000001,1.8479690435834395,0.7321720800916653,0.06850663136781406,-0.3932312492609089,-0.2125022964683465,-0.21353180362092608,-0.03920828607396054,-0.04500171786160228,2.9845705668814,-3652.537,719.199,3.141592653589793,10.197000000000001,2.0111893449337055
1.8,-3650.7624142369373,719.547142253852,10.03950795802575,-3652.537,719.199,10.197000000000001,1.790924897883912,0.7012233677449804,0.039674977389479976,-0.880692252198596,-0.3614763139473389,-0.2293731876798938,-0.004414082359043194,-0.10885539557712308,3.0142523866404836,-3652.537,719.199,3.141592653589793,10.197000000000001,1.8152579438379142
1.9000000000000001,-3650.9401272610785,719.4992420056211,10.068071813922732,-3652.537,719.199,10.197000000000001,1.6718305931437207,0.6598768173021977,0.02263199383183534,-1.4357156026087452,-0.4037206418576966,-0.22653983262275218,0.005979959113337233,-0.16088521964132096,3.0375546853020454,-3652.537,719.199,3.141592653589793,10.197000000000001,1.6299602091507228
2.0,-3651.101055643723,719.4502440219594,10.099580940500829,-3652.537,719.199,10.197000000000001,1.5037817773621631,0.620479239373441,-0.005632989135070432,-1.7579196399738954,-0.3834147926467102,-0.22906291051135869,0.0123138523793183,-0.19294663627497244,3.056585436553269,-3652.537,719.199,3.141592653589793,10.197000000000001,1.4610100020351768
2.1,-3651.243362560172,719.4008995682832,10.126885896882886,-3652.537,719.199,10.197000000000001,1.320246665148942,0.5831938587728558,-0.02318058827043637,-1.782226378608506,-0.37033630321527333,-0.17284517680271339,0.01853272185886202,-0.18765882673116535,3.0724711745070308,-3652.537,719.199,3.141592653589793,10.197000000000001,1.3111739964066562
2.2,-3651.3678123036275,719.3520913529446,10.147339528844565,-3652.537,719.199,10.197000000000001,1.1473365016404615,0.5464119787303863,-0.04020202449561314,-1.6429522682394095,-0.3686866916648084,-0.15140915107971226,0.02398183890324344,-0.1709155280125996,3.085644799287176,-3652.537,719.199,3.141592653589793,10.197000000000001,1.1802131138443681
2.3000000000000003,-3651.4758663030284,719.3046476196672,10.161664295824146,-3652.537,719.199,10.197000000000001,0.9916562115010596,0.5094565204398941,-0.05346241848637885,-1.4659199254623063,-0.3708154310184564,-0.1054479053080288,0.02824896081637562,-0.15172395615699807,3.096492132835436,-3652.537,719.199,3.141592653589793,10.197000000000001,1.0669652076704152
2.4000000000000004,-3651.5691984028413,719.2592459257756,10.171178125886968,-3652.537,719.199,10.197000000000001,0.8541525165480001,0.4722488925266949,-0.06129160555721892,-1.2878872020906167,-0.3724317803854098,-0.06969946292533857,0.03128832523914951,-0.13285117394846865,3.105373458849598,-3652.537,719.199,3.141592653589793,10.197000000000001,0.9700186968393455
2.5,-3651.6495547578047,719.2163865240076,10.176810622229837,-3652.537,719.199,10.197000000000001,0.7340787710829368,0.43497016436281233,-0.06740231107144656,-1.1205434142381256,-0.3715953338332394,-0.034070439450322676,0.03322336064790425,-0.11530838359245765,3.112610049013286,-3652.537,719.199,3.141592653589793,10.197000000000001,0.8878451216774987
2.6,-3651.7185465281914,719.1764229094148,10.179715981448702,-3652.537,719.199,10.197000000000001,0.6300438337003751,0.39792982576004704,-0.06810569344728341,-0.9679181489007109,-0.3676649421503517,0.13511774799894463,0.034234270931167175,-0.09933296479370148,3.1184844905297813,-3652.537,719.199,3.141592653589793,10.197000000000001,0.818947219197817
2.7,-3651.7777301811284,719.1395641933565,10.180386117407702,-3652.537,719.199,10.197000000000001,0.5404951413027945,0.3614371759327419,-0.040378761471657615,-0.8309023305408196,-0.3606311605803576,0.12432904206112297,0.03450289316376387,-0.08512162233437358,3.1232324190336715,-3652.537,719.199,3.141592653589793,10.197000000000001,0.7617737814175449
2.8000000000000003,-3651.8284403423977,719.1059340470136,10.179817063950923,-3652.537,719.199,10.197000000000001,0.46386336759221103,0.32580359364397543,-0.0432398850350588,-0.7087398848254793,-0.3507240304557546,0.017576629707637265,0.034172586724363054,-0.07239636092046411,3.1270588889723676,-3652.537,719.199,3.141592653589793,10.197000000000001,0.714851951999667
2.9000000000000004,-3651.87194748369,719.0755506450138,10.17816844545435,-3652.537,719.199,10.197000000000001,0.3987471643376985,0.2912923698415909,-0.03686343553013016,-0.6006936899961679,-0.33840103874767125,0.03185656208521076,0.03338616362208593,-0.06122539190133769,3.1301260479885475,-3652.537,719.199,3.141592653589793,10.197000000000001,0.6766751215637622
3.0,-3651.909342060428,719.0483826823192,10.175913152934672,-3652.537,719.199,10.197000000000001,0.34372462959297767,0.2581233858944413,-0.03686857261801664,-0.506286856676907,-0.3240963518705826,-0.02694074259789314,0.032252888714982865,-0.05148882967738696,3.132578395889343,-3652.537,719.199,3.141592653589793,10.197000000000001,0.6458209663768043
3.1,-3651.9415761122696,719.0243554258082,10.173579466078248,-3652.537,719.199,10.197000000000001,0.2974897930023172,0.2264730994674744,-0.0422515840497088,-0.42417727627919355,-0.30824507700417525,-0.04721796295506028,0.0308522309807718,-0.04301951889086846,3.1345327004047534,-3652.537,719.199,3.141592653589793,10.197000000000001,0.6209499615779195
3.2,-3651.96950795189,719.0033401920801,10.171046516908852,-3652.537,719.199,10.197000000000001,0.25888917433713887,0.19647437049360617,-0.046312165209028706,-0.35319226852572005,-0.2912908017897522,-0.03315758986281167,0.029277263630320585,-0.035751647424871164,3.1360851718050338,-3652.537,719.199,3.141592653589793,10.197000000000001,0.6008357249594004
3.3000000000000003,-3651.9938653105096,718.9851919382941,10.168378028809935,-3652.537,719.199,10.197000000000001,0.22685133929717313,0.1682149391095239,-0.04888310202227114,-0.2924403344443183,-0.27366022836623594,0.01387188675844428,0.027579323321867973,-0.029528713436063853,3.1373159867560756,-3652.537,719.199,3.141592653589793,10.197000000000001,0.5844043081744594
3.4000000000000004,-3652.0152556225917,718.9697638715052,10.166122727497596,-3652.537,719.199,10.197000000000001,0.2004011074482752,0.14174232482035892,-0.043537787857339846,-0.24045366370488097,-0.2555585575733118,0.009575466857057569,0.025801024887174864,-0.024222456070279806,3.1382902433793767,-3652.537,719.199,3.141592653589793,10.197000000000001,0.5707186731844995
3.5,-3652.0342284069316,718.9568665639966,10.163620529485781,-3652.537,719.199,10.197000000000001,0.17876060655619702,0.11710322759486164,-0.0469680086508596,-0.19632911978769174,-0.23734490126285934,0.04949566685769621,0.023991865869362083,-0.019731351001617964,3.139058974201492,-3652.537,719.199,3.141592653589793,10.197000000000001,0.5590367292754232
3.6,-3652.0512129079393,718.9463470057908,10.16181884560568,-3652.537,719.199,10.197000000000001,0.16113528349073686,0.0942733445677871,-0.033638654485800536,-0.1590094719323849,-0.2191490187241597,0.05698729632856503,0.02216729421241779,-0.01594102248602159,3.1396660098590625,-3652.537,719.199,3.141592653589793,10.197000000000001,0.5486896644916416
3.7,-3652.0666065918576,718.9380038332663,10.159742122192377,-3652.537,719.199,10.197000000000001,0.14695871216972,0.07327342385002966,-0.03557054938514659,-0.12755486167567565,-0.20117763661992505,0.005429369656299365,0.020363351356533686,-0.012764370353230572,3.1401428193084238,-3652.537,719.199,3.141592653589793,10.197000000000001,0.5392375236683752
3.8000000000000003,-3652.0807188781578,718.931672566041,10.158001633210363,-3652.537,719.199,10.197000000000001,0.1356243111556017,0.054037817243802064,-0.03255278055454066,-0.10150995729619183,-0.18374731161666905,0.03709194268983909,0.018599354100659844,-0.010130579642004844,3.140517952354556,-3652.537,719.199,3.141592653589793,10.197000000000001,0.5302615314245984
3.9000000000000004,-3652.093816193218,718.9271745184028,10.156324147044103,-3652.537,719.199,10.197000000000001,0.12665672071048162,0.03652396152669582,-0.02815216084717876,-0.07996423719335966,-0.16684812213347866,0.03435343034718144,0.016888299514487743,-0.007958364653610946,3.1408126999420927,-3652.537,719.199,3.141592653589793,10.197000000000001,0.5214935321293268
4.0,-3652.1061118964976,718.9243483938033,10.155101001218691,-3652.537,719.199,10.197000000000001,0.11963146371692981,0.02066819281710637,-0.025682094485104376,-0.06233227705968547,-0.1506228007980675,0.0233067263796395,0.015237745915662904,-0.006180199786845668,3.141044522284145,-3652.537,719.199,3.141592653589793,10.197000000000001,0.5126924893393812
4.1000000000000005,-3652.1177867947554,718.9230254993254,10.153973668474784,-3652.537,719.199,10.197000000000001,0.11419026529854454,0.006399401367082307,-0.02349081557125086,-0.04803719222454095,-0.13513737376242319,0.04097101732300007,0.013667167616847631,-0.004747222822515576,3.141226840992035,-3652.537,719.199,3.141592653589793,10.197000000000001,0.5037389221396451
4.2,-3652.128984209261,718.9230499892752,10.152803377529455,-3652.537,719.199,10.197000000000001,0.1100240252720216,-0.006359281935378307,-0.017487891020504385,-0.036621118653099916,-0.12048212889069503,0.02630255498899317,0.012181583342360351,-0.003605656090837306,3.141370480906654,-3652.537,719.199,3.141592653589793,10.197000000000001,0.49454892108765885
4.3,-3652.139818316585,718.9242758293574,10.151631221190984,-3652.537,719.199,10.197000000000001,0.10686604156792458,-0.01769702441105661,-0.018230304573452247,-0.027658194078276743,-0.10670181400251877,-0.0014269258074513513,0.010781641534758631,-0.0027095231726218315,3.1414837642517757,-3652.537,719.199,3.141592653589793,10.197000000000001,0.48506183695063715
4.4,-3652.1503767623026,718.926572088899,10.15105614390405,-3652.537,719.199,10.197000000000001,0.10449238645636627,-0.027699644735882066,-0.017773276181994646,-0.11954986120491645,-0.23491169359442904,0.04020574577021606,0.009461036184012917,-0.0020156237433190697,3.1415733779478185,-3652.537,719.199,3.141592653589793,10.197000000000001,0.47518978586170135
4.5,-3652.1605539348543,718.930021663671,10.151119170784776,-3652.537,719.199,10.197000000000001,0.08295606932694145,-0.06467936312994221,-0.010189155419409093,-0.5203772463448649,-0.46037533126285923,0.05142826008804361,0.039388121635653486,-0.04071241758972996,-2.9440083043095484,-3652.537,719.199,3.141592653589793,10.197000000000001,0.46493659338374876
4.6000000000000005,-3652.168036812731,718.9375865493384,10.150908637359269,-3652.537,719.199,10.197000000000001,0.00041693718739267737,-0.11977471098845414,-0.007487624164385958,-0.9562349069470084,-0.40719173245542195,0.07517778947083789,0.04513053150184095,-0.06964334335804062,-2.6664301934125034,-3652.537,719.199,3.141592653589793,10.197000000000001,0.4545274903198872
4.7,-3652.171676440645,718.9519856293444,10.149964741293815,-3652.537,719.199,10.197000000000001,-0.10829091206246018,-0.14611770962102694,0.004846402474758413,-1.0849168573750458,-0.10088807108823838,0.11084229686949032,0.0414744560389108,-0.07124253697116262,-2.387323704274182,-3652.537,719.199,3.141592653589793,10.197000000000001,0.4434971453025095
4.800000000000001,-3652.1730050459473,718.9740213885419,10.148451240060023,-3652.537,719.199,10.197000000000001,-0.2165664342876167,-0.13995232520610154,0.014680835209512105,-1.0156521746794107,0.18811457520754493,0.09378892922112159,0.04239898997322197,-0.06414789413749082,-2.1075784353591005,-3652.537,719.199,3.141592653589793,10.197000000000001,0.4306561090719178
4.9,-3652.174588942853,719.0035312480998,10.146768533311574,-3652.537,719.199,10.197000000000001,-0.3114213469983426,-0.10849479457951813,0.023604188318982755,-0.8524502312051863,0.40116604991425303,-0.009920414469515096,0.04747466227469448,-0.05567502196139549,-1.8288864558327023,-3652.537,719.199,3.141592653589793,10.197000000000001,0.4148168361546476
5.0,-3652.179159664767,719.039509771484,10.145408109021295,-3652.537,719.199,10.197000000000001,-0.3870564805286533,-0.05971911522325122,0.012696752315609093,-0.6504970771985259,0.5396531710044283,-0.03907830382457925,0.05515653596541611,-0.04853231703591301,-1.5508201580801964,-3652.537,719.199,3.141592653589793,10.197000000000001,0.3951563762945278
5.1000000000000005,-3652.1890997771748,719.080137417667,10.144182346846925,-3652.537,719.199,10.197000000000001,-0.4415207624380477,-0.0005641603786322761,0.015788527554067025,-0.43796713198246096,0.6089361865782965,0.07156056642865052,0.063872452121545,-0.04334651707795902,-1.271297391558571,-3652.537,719.199,3.141592653589793,10.197000000000001,0.3714196858072911
5.2,-3652.206196916143,719.1230160449152,10.14359775304281,-3652.537,719.199,10.197000000000001,-0.4746499069251458,0.06206812209240814,0.027008865601339138,-0.23117933913451516,0.6144589246745605,-0.005886822564422231,0.07271937573445003,-0.0396823528147698,-0.9916750806577824,-3652.537,719.199,3.141592653589793,10.197000000000001,0.34359284291068243
5.300000000000001,-3652.2313820481536,719.1652880333942,10.14426271085386,-3652.537,719.199,10.197000000000001,-0.4877566302649506,0.12232762455627992,0.014611163041182366,-0.04230801437268816,0.5687101155840856,-0.07575775910606689,0.08095018932082937,-0.036962692283782954,-0.7127536077055503,-3652.537,719.199,3.141592653589793,10.197000000000001,0.31196161759035146
5.4,-3652.2644516442942,719.2040052796741,10.145105568710305,-3652.537,719.199,10.197000000000001,-0.48311150979968365,0.17581014520922542,0.011857313780125662,0.11520585532598027,0.4828589253057255,-0.06667294003692571,0.0887971792783268,-0.03624649249459793,-0.43319165599806136,-3652.537,719.199,3.141592653589793,10.197000000000001,0.27748998364140215
5.5,-3652.304383548418,719.2363690599132,10.146337984984548,-3652.537,719.199,10.197000000000001,-0.4647154591997546,0.21889940961742466,0.0012765750337972717,-0.18958703272922595,-0.1302381331303295,0.06377409577537169,0.09520041035453808,-0.0363579410267287,-0.15352508425582265,-3652.537,719.199,3.141592653589793,10.197000000000001,0.240984439229286
5.6000000000000005,-3652.3504076818576,719.2605967666525,10.14615093124914,-3658.537,719.199,10.197000000000001,-0.5210289163455295,0.1497625185831585,0.02461213293520031,-0.8786781733086828,-0.50335460571026,0.13414651760168184,0.06630928243516321,-0.10344301812789496,-0.11919181228868107,-3658.537,719.199,0.05875664978424181,10.197000000000001,6.1871079108377165
5.7,-3652.4064343499927,719.2794250928699,10.140911914672047,-3658.537,719.199,10.197000000000001,-0.6404510938614907,0.11822848847537223,0.028105878554133837,-1.4376679346312318,-0.22815579750697623,0.0762266291620537,0.038967668518550824,-0.15783461481319422,-0.08901569615941958,-3658.537,719.199,0.05875664978424181,10.197000000000001,6.13134970931577
5.800000000000001,-3652.4771973293296,719.2956685274056,10.130713511152253,-3658.537,719.199,10.197000000000001,-0.8085625032717766,0.10413135908176335,0.03985745876761114,-1.7959424974323097,-0.11740528043173509,0.14618563114585834,0.03184899592650466,-0.1981440400865009,-0.06294179327419151,-3658.537,719.199,0.05875664978424181,10.197000000000001,6.060936157909671
5.9,-3652.566383912718,719.3099678867547,10.116706862854505,-3658.537,719.199,10.197000000000001,-0.9996395933479528,0.09474743238902515,0.05734300478330548,-1.8687503916137134,-0.09479083448463116,0.08623836242468289,0.030524483638304022,-0.19795787962976427,-0.04026968742996327,-3658.537,719.199,0.05875664978424181,10.197000000000001,5.9721869797817
6.0,-3652.6747148618633,719.3220339441423,10.101296206464145,-3658.537,719.199,10.197000000000001,-1.182312581594518,0.08517319218483718,0.05710513125254765,-1.739594574593199,-0.1050304362596231,0.08911581103749527,0.031197081093428506,-0.18179501620731237,-0.021355532274455025,-3658.537,719.199,0.05875664978424181,10.197000000000001,5.864357049866957
6.1000000000000005,-3652.800934405502,719.3313774060199,10.086580310209763,-3658.537,719.199,10.197000000000001,-1.3475585082665928,0.0737413451371005,0.07516616699080472,-1.5588532387645593,-0.12084451301370602,0.12657416231765334,0.03117026709707376,-0.16283321736490136,-0.005891942230411591,-3658.537,719.199,0.05875664978424181,10.197000000000001,5.738655311995782
6.2,-3652.9430768238285,719.3377055475061,10.073052417236246,-3658.537,719.199,10.197000000000001,-1.4940832293474302,0.06100428958209597,0.08241996371607843,-1.377694409791693,-0.12802819530785717,0.06980207015152251,0.029658984726769463,-0.14481635993253925,0.006655513079298342,-3658.537,719.199,0.05875664978424181,10.197000000000001,5.597015162842457
6.300000000000001,-3653.09928635841,719.3409513535927,10.061641219102263,-3658.537,719.199,10.197000000000001,-1.6230973902249315,0.048135706075529035,0.08912658102110924,-1.210474793916248,-0.12400764180418872,0.1335706785914184,0.026877406259849065,-0.12848542225237922,0.016793897127035568,-3658.537,719.199,0.05875664978424181,10.197000000000001,5.4412500249743285
6.4,-3653.2677780756712,719.3412729655114,10.052503930284109,-3658.537,719.199,10.197000000000001,-1.73617818813068,0.03620276122125819,0.10913409943436203,-1.0583020093170301,-0.11100340619290494,0.11166758673637367,0.023334670452275164,-0.11393187360695503,0.024975970773811876,-3658.537,719.199,0.05875664978424181,10.197000000000001,5.273122452466252
6.5,-3653.446900677099,719.3389736824921,10.045252828169133,-3658.537,719.199,10.197000000000001,-1.8347577920883367,0.025935024836948123,0.11146009836838389,-0.9206828899248407,-0.09236387071110413,0.1002714899555317,0.019460756364946173,-0.10092699988977805,0.03156363039772621,-3658.537,719.199,0.05875664978424181,10.197000000000001,5.094284145288977
6.6000000000000005,-3653.6352031592355,719.3344218757414,10.03964559474374,-3658.537,719.199,10.197000000000001,-1.920314766115648,0.01772998707903737,0.12918839742546853,-0.7978806786696655,-0.07115406390642862,0.2017200434930756,0.015603978477211271,-0.08942228656726478,0.0368667887800157,-3658.537,719.199,0.05875664978424181,10.197000000000001,4.9061911664151125
6.7,-3653.8314788564235,719.3279919550412,10.036211675456004,-3658.537,719.199,10.197000000000001,-1.99433392782227,0.011704212055662369,0.15180410706699898,-0.6885389885826427,-0.049408085912629164,0.06929512036491214,0.011956995633114373,-0.07924318614400772,0.04114083250835595,-3658.537,719.199,0.05875664978424181,10.197000000000001,4.710034080812893
6.800000000000001,-3654.0346100296356,719.320064265711,10.034721051857654,-3658.537,719.199,10.197000000000001,-2.0580225638321767,0.007848369896511548,0.1430474214984507,-0.5906165450106542,-0.02830414362395367,0.008210548318979938,0.008576835373841404,-0.07008080208560398,0.044586538118463616,-3658.537,719.199,0.05875664978424181,10.197000000000001,4.506939810855995
6.9,-3654.2435656391476,719.3110071447555,10.03458754028027,-3658.537,719.199,10.197000000000001,-2.112457236824401,0.006043383330871612,0.15344621673079478,-0.5031785160763604,-0.00883210759111179,-0.01842126859149451,0.005617022145482792,-0.06202158199352365,0.04736846703401473,-3658.537,719.199,0.05875664978424181,10.197000000000001,4.2979648693881565
7.0,-3654.457481886464,719.3011414498847,10.035697250525565,-3658.537,719.199,10.197000000000001,-2.1586582670474486,0.006081948378289196,0.13936316778015181,-0.4253549491976134,0.008469715888498833,-0.08784223640832789,0.003031168314995538,-0.05481145208133431,0.04961643632639336,-3658.537,719.199,0.05875664978424181,10.197000000000001,4.083983287360493
7.1000000000000005,-3654.6755721802374,719.2907553599368,10.037658020986028,-3658.537,719.199,10.197000000000001,-2.197528226663924,0.007737326508571394,0.1358777694491293,-0.3563371811871061,0.023369828226314115,0.024727344720864353,0.0008446847806544531,-0.04843019720684395,0.05143593662371944,-3658.537,719.199,0.05875664978424181,10.197000000000001,3.8658031144366793
7.2,-3654.897169424098,719.2800941637136,10.040581848649328,-3658.537,719.199,10.197000000000001,-2.22992570328487,0.010755914023552011,0.1443086367243246,-0.2952733400602803,0.03582823816896744,0.04000655957302379,-0.0009810874737220005,-0.0427543671196302,0.052911443844412084,-3658.537,719.199,0.05875664978424181,10.197000000000001,3.6440924141312676
7.300000000000001,-3655.121679922872,719.2693666895528,10.044502108442497,-3658.537,719.199,10.197000000000001,-2.2565828946759803,0.014902974142364899,0.143879081363734,-0.24107544387762836,0.046027261328474775,-0.0943548875875393,-0.002477009410532332,-0.03770142049244206,0.054109419789486385,-3658.537,719.199,0.05875664978424181,10.197000000000001,3.4194470762334284
7.4,-3655.3485611115248,719.2587476786175,10.049027545869286,-3658.537,719.199,10.197000000000001,-2.278140792060396,0.019961366289246968,0.12543765920681688,-0.19314618675353046,0.05408450789746007,-0.039355976801831116,-0.003671916612959608,-0.033216759165453906,0.05508380954105665,-3658.537,719.199,0.05875664978424181,10.197000000000001,3.1924298234764144
7.5,-3655.577343871495,719.248380132183,10.054071663724296,-3658.537,719.199,10.197000000000001,-2.2952121320266863,0.025719875721856873,0.13600788600336783,-0.15097399932707312,0.060160576575388564,0.02401579513477936,-0.004598681700853888,-0.029244507081726698,0.055877551298246474,-3658.537,719.199,0.05875664978424181,10.197000000000001,2.9635167125833513
7.6000000000000005,-3655.8076202733555,719.2383780343573,10.0596654448192,-3658.537,719.199,10.197000000000001,-2.3083355919258106,0.03199348160432469,0.13024081823377262,-0.11383743376966038,0.06448669661748238,-0.06050318438476088,-0.005291643119098998,-0.02573192723676294,0.056526020429912116,-3658.537,719.199,0.05875664978424181,10.197000000000001,2.733116371809574
7.7,-3656.0390188704523,719.2288284002946,10.06535804439805,-3658.537,719.199,10.197000000000001,-2.317979618780618,0.038617215045353356,0.12390724912641565,-0.08119238727941358,0.0672680456026584,-0.18459252209915678,-0.005784130132890251,-0.02263166063304719,0.057056161983951685,-3658.537,719.199,0.05875664978424181,10.197000000000001,2.501625283993235
7.800000000000001,-3656.271220321203,719.2197977175792,10.071034190599617,-3658.537,719.199,10.197000000000001,-2.3245740693816934,0.04544709072485638,0.09332231381394103,-0.05267933497556676,0.06870959708259142,-0.20053883778469528,-0.006104579970072452,-0.01988954330579351,0.05748979624720723,-3658.537,719.199,0.05875664978424181,10.197000000000001,2.2693738085741417
7.9,-3656.503948909465,719.2113337937041,10.076715972119729,-3658.537,719.199,10.197000000000001,-2.3285154857757315,0.052359134461871654,0.08379948156947638,0.04695206801567231,0.056913046182035854,-0.1368576296185372,-0.006278864245597571,-0.017486241883409262,0.05784560135452323,-3658.537,719.199,0.05875664978424181,10.197000000000001,2.0366435884941367
8.0,-3656.7363907172094,719.2034355817573,10.087967665061106,-3658.537,719.199,10.197000000000001,-2.315183655778559,0.05682969996126351,0.06595078789023369,0.4673442047785805,0.006906967027989597,-0.182407249256948,0.0023995886021554104,0.04407458320487267,0.05804519994823092,-3658.537,719.199,0.05875664978424181,10.197000000000001,1.8039128342907482
8.1,-3656.9629064866162,719.1957430114937,10.113209553368973,-3658.537,719.199,10.197000000000001,-2.2350466448200157,0.053740527867469565,0.047318031718086906,1.0903439571646043,-0.03933145901851737,-0.24889048258945434,0.005095432015467981,0.10725815115073975,0.05855337814726268,-3658.537,719.199,0.05875664978424181,10.197000000000001,1.5763254219218041
8.200000000000001,-3657.176932346679,719.1882581132085,10.147378157075176,-3658.537,719.199,10.197000000000001,-2.097114864345636,0.04896340815755996,0.01617269137234234,1.614218389242506,-0.047742326705010996,-0.32513167226863193,0.005249520461205435,0.15946213376705828,0.058982612815433016,-3658.537,719.199,0.05875664978424181,10.197000000000001,1.3610149657649095
8.3,-3657.3737554367726,719.1812504637103,10.184874466839146,-3658.537,719.199,10.197000000000001,-1.9122029669715135,0.04419206252646732,-0.01770830273563978,1.9725984238731158,-0.045791267263689206,-0.29690919627022494,0.004840161993517461,0.20083117812559656,0.059273887569263044,-3658.537,719.199,0.05875664978424181,10.197000000000001,1.1634431608250266
8.4,-3657.5507078888713,719.1749466924383,10.219453220958753,-3658.537,719.199,10.197000000000001,-1.7025951795710141,0.039805154704822154,-0.04320914788170244,2.0682687721912396,-0.04158271022730664,-0.22697893675587882,0.004391324470206917,0.20702536637761268,0.059343363424992315,-3658.537,719.199,0.05875664978424181,10.197000000000001,0.9868408368173396
8.5,-3657.7079770981063,719.1694032680625,10.246371579290784,-3658.537,719.199,10.197000000000001,-1.4985492125332671,0.03587552048100602,-0.06310409008681539,1.9638146314478382,-0.036760889540348674,-0.22271441801385167,0.003877631627296446,0.19595576897815284,0.05933178074967114,-3658.537,719.199,0.05875664978424181,10.197000000000001,0.8310189475860066
8.6,-3657.8467019259133,719.1646013531648,10.265413378787093,-3658.537,719.199,10.197000000000001,-1.309832253281448,0.03245297679675244,-0.08775203148447261,1.8001349780904192,-0.03175743317915203,-0.21487225860569703,0.0033474299092781617,0.18015874517781805,0.05931216535929939,-3658.537,719.199,0.05875664978424181,10.197000000000001,0.6945322803071894
8.700000000000001,-3657.968346470331,719.1605010160707,10.277264740157424,-3658.537,719.199,10.197000000000001,-1.1385222169151816,0.02952403384517559,-0.10607854180795491,1.6274716876147188,-0.027072113497711964,-0.08036436219166454,0.0028526136201693884,0.16354024876484743,0.05930139575078144,-3658.537,719.199,0.05875664978424181,10.197000000000001,0.5755792187706998
8.8,-3658.074265725815,719.1570629809813,10.283826351791664,-3658.537,719.199,10.197000000000001,-0.9843379157585022,0.02703855409721001,-0.10382490392280597,1.4599838991553922,-0.022900845114231308,0.015101186438221004,0.002408747831897446,0.14715657172606764,0.059300362494576604,-3658.537,719.199,0.05875664978424181,10.197000000000001,0.47267381716655815
8.9,-3658.1659382363973,719.154239295443,10.28619512155051,-3658.537,719.199,10.197000000000001,-0.8465254370841043,0.024943864822329347,-0.10305830452031073,1.3020383943965013,-0.01927024312210754,-0.03527013983288574,0.002022328583375902,0.13158447074596222,0.05930738084765994,-3658.537,719.199,0.05875664978424181,10.197000000000001,0.38424747596911424
9.0,-3658.2447923144146,719.151980647509,10.28539422788219,-3658.537,719.199,10.197000000000001,-0.7239302368792029,0.023184505472788514,-0.11087893188938311,1.155917802402235,-0.01617114254352918,0.0024049446328154866,0.0016923185148967302,0.1170615428385737,0.05931993377600099,-3658.537,719.199,0.05875664978424181,10.197000000000001,0.30888459098285065
9.1,-3658.312186133772,719.150237335645,10.28224233988869,-3658.537,719.199,10.197000000000001,-0.6153418766036581,0.02170963631362352,-0.10257731559374762,0.9847160041596608,0.2482671791748618,5.509438208739737,0.0014138012577821905,0.10366349070518574,0.05933575646042574,-3658.537,719.199,0.05875664978424181,10.197000000000001,0.24532698260299393
9.200000000000001,-3658.3590665385495,719.1492190246855,10.362386271251737,-2595.372,781.739,16.65,-0.52698703604727,0.07283794130776207,0.9910087098585894,1.0871368923622111,0.07347401710455108,5.440523147765799,0.02720607415322088,0.1526760072136469,0.16398031047951478,-2595.372,781.739,0.6287962287938126,16.65,1064.8467112205265
9.3,-3658.387862117821,719.148773271943,10.46837147114337,-2595.372,781.739,16.65,-0.3979144981312155,0.03640443973453537,0.9855273139594376,1.5308053223348705,0.08350109868071215,-0.042201224331249954,-0.0327567626222555,0.19701938774088346,0.24801548551539276,-2595.372,781.739,0.6287962287938126,16.65,1064.8748621914374
9.4,-3658.398960032136,719.1552251048373,10.571804060224965,-2595.372,781.739,16.65,-0.22082597158029701,0.08953816104390444,0.9825684649923394,1.975634747842767,0.1812173455729187,0.03836045993421777,-0.01954775930082203,0.2356800346319692,0.3167821952668473,-2595.372,781.739,0.6287962287938126,16.65,1064.8849661353925
9.5,-3658.3897118126724,719.1710386647095,10.670600547086101,-2595.372,781.739,16.65,-0.0027875485626635277,0.07264790884911898,0.9931994059462812,2.34048442941472,0.0316095390224696,0.034377389228644084,-0.05359968215316503,0.2666942848665763,0.37392928640285916,-2595.372,781.739,0.6287962287938126,16.65,1064.8742454538574
9.600000000000001,-3658.35935595898,719.2001522517611,10.761672311531742,-2595.372,781.739,16.65,0.24727091430264997,0.09586006884839911,0.9894439428380679,2.6457976708941837,0.38449540931700577,-0.009772762718586847,-0.08023544800366668,0.2938163068455126,0.4199773174515713,-2595.372,781.739,0.6287962287938126,16.65,1064.8417247691357
9.700000000000001,-3658.3071603373423,719.246410049242,10.84414263377147,-2595.372,781.739,16.65,0.5263719856161755,0.14954699071252,0.9912448534025637,2.8933136577358125,0.24499828470574886,0.020689907168432775,-0.05676431780773022,0.31509822796948983,0.4584017564786963,-2595.372,781.739,0.6287962287938126,16.65,1064.7864512942879
9.8,-3658.2322588582347,719.3102939426058,10.915518511306306,-2595.372,781.739,16.65,0.8259336458498103,0.1448597257895487,0.9935819242717544,3.249955725715069,0.5182043713249845,0.051719977355724644,-0.1051278157306417,0.3327677343637517,0.48964011348881276,-2595.372,781.739,0.6287962287938126,16.65,1064.707545515734
9.9,-3658.1352863135094,719.3956175519045,10.975391359996877,-2595.372,781.739,16.65,1.1763631307591869,0.25318786497751655,1.0015888488737086,3.4124364249148487,0.4418831453458608,0.07510366872171481,-0.043550998351355355,0.308399882503029,0.5177995006068294,-2595.372,781.739,0.6287962287938126,16.65,1064.6054204512475
10.0,-3658.0147505269733,719.5009433114235,11.036211230265113,-2595.372,781.739,16.65,1.5084209308327776,0.23323635485872057,1.0086026580160974,2.7744954269464976,0.012927658667984288,-0.023629427923819613,-0.07092243889328968,0.22815327896050894,0.5414463303073619,-2595.372,781.739,0.6287962287938126,16.65,1064.478607381216
10.100000000000001,-3657.8785059610955,719.6230823692505,11.091769742037556,-2595.372,781.739,16.65,1.7312622161484874,0.25577339671111415,0.9968629632889443,2.437694931304616,0.6885328314688817,0.009166888546903174,-0.10835608192436062,0.23808112087564318,0.5576824403405999,-2595.372,781.739,0.6287962287938126,16.65,1064.3351710604918
10.200000000000001,-3657.7281378199077,719.7652152957553,11.151393374234983,-2595.372,781.739,16.65,1.9959599170937026,0.370942921152496,1.0104360357254776,2.007626594310862,0.42825853486233534,-0.03348117795687511,-0.029224969337503598,0.15947290323574068,0.5760258438916624,-2595.372,781.739,0.6287962287938126,16.65,1064.176464797556
10.3,-3657.5666990567183,719.9202567947158,11.210714810791513,-2595.372,781.739,16.65,2.1327875350106584,0.3414251036835809,0.9901667276975692,1.7583598839584038,0.4158147012820266,0.02555997777757746,-0.09125932829678508,0.1880751900603014,0.5847384479234365,-2595.372,781.739,0.6287962287938126,16.65,1064.0059781500493
10.4,-3657.3959370190037,720.0907890954926,11.273059465532246,-2595.372,781.739,16.65,2.347631893885382,0.454105861408901,1.015548031280993,1.4375261550692606,0.44881021886247097,0.03876743267108651,-0.027094757775949257,0.11082853443194926,0.5980333276170309,-2595.372,781.739,0.6287962287938126,16.65,1063.8252940208663
10.5,-3657.2180680138545,720.2718036805071,11.339158197772402,-2595.372,781.739,16.65,2.4202927660245095,0.4311871474560748,0.9979202142317865,1.250341952875159,0.3711680759640612,-0.2196573308258447,-0.07229365514201817,0.15220472173112465,0.6023784271687916,-2595.372,781.739,0.6287962287938126,16.65,1063.6369180413544
10.600000000000001,-3657.0340013801756,720.4644141289008,11.40392647302427,-2595.372,781.739,16.65,2.5977002844604167,0.5283394766017158,0.9716165651158235,1.072785387148759,0.4130425711161392,0.02074134255904525,-0.025139953865064422,0.08226900240498358,0.6114549466885104,-2595.372,781.739,0.6287962287938126,16.65,1063.4417244662188
10.700000000000001,-3656.8450576111677,720.6654802584939,11.475555041173024,-2595.372,781.739,16.65,2.634849843454265,0.513795661679305,1.0020684827435944,0.9172745268230376,0.31096989371925554,-0.058215076620994566,-0.05247760171612682,0.12464172310399999,0.6138758634269125,-2595.372,781.739,0.6287962287938126,16.65,1063.241177592671
10.8,-3656.6516148367077,720.8750562060162,11.544248979049756,-2595.372,781.739,16.65,2.7811551898250233,0.5905334553455667,0.9599735497916245,0.7795615858109741,0.3358078067137513,0.048193854321288754,-0.02026006997794976,0.06073759800787225,0.6199064177314039,-2595.372,781.739,0.6287962287938126,16.65,1063.03570458174
10.9,-3656.454920299701,721.0909931357652,11.623280567934595,-2595.372,781.739,16.65,2.790762160616459,0.580957223022055,1.0117072536078522,0.632027239926682,0.2068096300552016,0.20094607283203558,-0.03314674656010216,0.10049757077878634,0.6213822216038749,-2595.372,781.739,0.6287962287938126,16.65,1062.8266144562785
11.0,-3656.2550239048455,721.3125808497684,11.693688282925407,-2595.372,781.739,16.65,2.9075606378103593,0.6318953813566068,1.0001627643580315,0.603117165270012,0.3012100781367044,0.020133653629147652,-0.022490892630189736,0.05362490803383032,0.6250564053765567,-2595.372,781.739,0.6287962287938126,16.65,1062.6140915528297
11.100000000000001,-3656.052733413661,721.539630511099,11.77867260528985,-2595.372,781.739,16.65,2.91138559367046,0.6411992386493954,1.0157339843336823,0.4277143413856397,0.1281749816750546,-0.21734033934560681,-0.011038189119404199,0.07658783150909487,0.6262532562596473,-2595.372,781.739,0.6287962287938126,16.65,1062.3988479626612
11.200000000000001,-3655.8481356779557,721.7698784569534,11.851958302836087,-2595.372,781.739,16.65,2.993103506087486,0.6575303776916177,0.9566946964889113,0.4613426488813914,0.24908385297080526,-0.0691294375310374,-0.025803688463355172,0.05310879645654349,0.6282224298408632,-2595.372,781.739,0.6287962287938126,16.65,1062.1812232784116
11.3,-3655.6416825585748,722.0048280926836,11.940618154126232,-2595.372,781.739,16.65,3.0036541234467378,0.6910160092435563,1.001908096827475,0.2876078895896619,0.030386533440577512,0.17136248864129566,0.01071072175520381,0.055584160202640544,0.629258803874111,-2595.372,781.739,0.6287962287938126,16.65,1061.9614632008472
11.4,-3655.4335581678492,722.2410192958342,12.017101346324417,-2595.372,781.739,16.65,3.0506250840054183,0.6636076843797332,0.9909671942171702,0.34210580512248256,0.14249669924773345,0.06515905292260449,-0.034442252938309666,0.054678416853861496,0.630308912469871,-2595.372,781.739,0.6287962287938126,16.65,1061.7400720341382
11.5,-3655.224009230508,722.4811438134124,12.10819354353739,-2595.372,781.739,16.65,3.072075284471234,0.7195153490931029,1.0149399074119958,0.1692638542878271,0.030250056023662264,-0.02447505119849147,0.021420282903418696,0.036838971904757815,0.6311134783174108,-2595.372,781.739,0.6287962287938126,16.65,1061.51702906532
11.600000000000001,-3655.013459944951,722.7212493244841,12.188746407916506,-2595.372,781.739,16.65,3.0844778548629836,0.6696576955844638,0.9860721839774709,0.2796648179253296,0.08993528954078034,-0.011726570605310016,-0.035311692011474084,0.05768106232376562,0.6315299833685933,-2595.372,781.739,0.6287962287938126,16.65,1061.2930892607744
11.700000000000001,-3654.801792382572,722.9644619742407,12.28064897520231,-2595.372,781.739,16.65,3.1280082480562994,0.7375024070012569,1.0125945932909328,0.03056437427664882,0.005695172322196296,0.06093776833491216,0.02993476864583261,0.012521853891965149,0.63187632407421,-2595.372,781.739,0.6287962287938126,16.65,1061.0678689585786
11.8,-3654.5897539950906,723.2063220364121,12.367216035220393,-2595.372,781.739,16.65,3.0905907297183135,0.6707967300489031,0.9982597376444532,0.1461800397991393,-0.0013870267374014311,-0.10688021001470194,-0.028791785754274827,0.06521297485197858,0.6321124236462101,-2595.372,781.739,0.6287962287938126,16.65,1060.8424326951117
11.9,-3654.3766770521747,723.4505694248852,12.457108406643062,-2595.372,781.739,16.65,3.1572442560161273,0.7372250016537767,0.9912185512879925,0.07432965527452673,0.02630660187508438,0.027824738386543757,0.02650146689418204,0.0049234419793893446,0.632393280989191,-2595.372,781.739,0.6287962287938126,16.65,1060.6158717920475
12.0,-3654.1634457915065,723.6936199042518,12.547622675363181,-2595.372,781.739,16.65,3.1054566607732186,0.6760580504239199,1.003824685321762,0.08781008994899686,-0.03409722541755489,0.07049103077384711,-0.019849138249703923,0.06079899451087071,0.6327291401893461,-2595.372,781.739,0.6287962287938126,16.65,1060.3892782046803
12.100000000000001,-3653.9494255775558,723.9382303182546,12.63682158903878,-2595.372,781.739,16.65,3.174806274005929,0.7304055565702677,1.0053167574427617,0.020006864503205435,0.02468108032803462,0.051915655649469095,0.021406621477371237,-0.002511229442321036,0.6328555578309447,-2595.372,781.739,0.6287962287938126,16.65,1060.1618746772428
12.200000000000001,-3653.735767385883,724.1813890371498,12.73199826830334,-2595.372,781.739,16.65,3.109458033673862,0.6809942664895287,1.014207816451656,-0.007339068843760899,-0.059919370378950454,-0.051345393797237904,-0.007402360329990105,0.053016653961235456,0.6333157298566784,-2595.372,781.739,0.6287962287938126,16.65,1059.9349477362089
12.3,-3653.5215309242285,724.4251799367914,12.819981943406633,-2595.372,781.739,16.65,3.1733384602371766,0.7184216824944777,0.9950476786833141,0.009253745006901681,0.0223974546101946,-0.002461910656088584,0.015421894252130568,-0.0003512416966106511,0.6332546963329148,-2595.372,781.739,0.6287962287938126,16.65,1059.7074939829938
12.4,-3653.3077273940803,724.6677160467644,12.919036954401118,-2595.372,781.739,16.65,3.111308782675242,0.6854737574115676,1.0137154343204382,-0.06924537017471799,-0.11716019549261247,-0.16725438507136126,0.007801150337610527,0.04213324345113277,0.633778186295272,-2595.372,781.739,0.6287962287938126,16.65,1059.4805589694226
12.5,-3653.0934990083747,724.9098190003796,13.005402367623336,-2595.372,781.739,16.65,3.159489386202233,0.6949896433959553,0.9615968016690419,0.0073122997052070815,0.02151757557642142,0.03338332960593249,0.004725278169515342,0.006923928424783573,0.6337100360839331,-2595.372,781.739,0.6287962287938126,16.65,1059.2533258713486
12.600000000000001,-3652.879731452842,725.1511091271711,13.106804776995732,-2595.372,781.739,16.65,3.1127712426162817,0.6897772725268516,1.0203921002416267,-0.13073107625673686,-0.17316541842329025,0.12769632089403604,0.024878206312303072,0.02681339315946925,0.6339889062183861,-2595.372,781.739,0.6287962287938126,16.65,1059.026602927594
12.700000000000001,-3652.6657783492387,725.3907296485215,13.19352610536687,-2595.372,781.739,16.65,3.133343170950884,0.6603565597112975,0.9871360658478509,-0.001905760799543188,-0.010308414247461428,-0.043748767642798114,-0.010861011197088717,0.0197357447686348,0.6340300901904073,-2595.372,781.739,0.6287962287938126,16.65,1058.7998906872804
12.8,-3652.4521439225664,725.630366646537,13.294303175296788,-2595.372,781.739,16.65,3.112390090456373,0.6877155896773594,1.011642346713067,-0.1401287804481246,-0.15879495556987733,-0.016890511288316645,0.03471108164630418,0.013856453050147441,0.6339920125768267,-2595.372,781.739,0.6287962287938126,16.65,1058.573507184705
12.9,-3652.2385599777226,725.8675833163788,13.382723156363397,-2595.372,781.739,16.65,3.1053174148612595,0.6285975685973221,0.9837579635901876,0.009015766313291707,-0.03654443360415627,-0.012157533041792234,-0.021287000574013712,0.03083785683269472,0.6341758808235916,-2595.372,781.739,0.6287962287938126,16.65,1058.3473984941586
13.0,-3652.025173238533,726.1052202144457,13.48305798579652,-2595.372,781.739,16.65,3.1141932437190314,0.6804067029565282,1.0092108401047086,-0.1870076080123919,-0.11034879137667675,0.08449841020447568,0.03895634644511183,-0.0027503177117022535,0.6337416496955844,-2595.372,781.739,0.6287962287938126,16.65,1058.1214842776849
13.100000000000001,-3651.8122645400076,726.3398342600627,13.575109977338258,-2595.372,781.739,16.65,3.06791589325878,0.6065278103219844,1.0006576456310823,-0.02146558656207631,-0.08135808929840804,-0.01777414912741726,-0.020417852357388595,0.044439806969867525,0.6341273891916862,-2595.372,781.739,0.6287962287938126,16.65,1057.8962874756173
13.200000000000001,-3651.5993183219434,726.5750385932515,13.672026755451746,-2595.372,781.739,16.65,3.1099001264066146,0.6641350850968442,1.005656010279225,-0.1473967680996573,-0.05048168059006475,0.028182743452611625,0.034369474842689485,-0.013024449217275231,0.6336490551163556,-2595.372,781.739,0.6287962287938126,16.65,1057.6710636735295
13.3,-3651.387216775145,726.8072899280338,13.768188363475943,-2595.372,781.739,16.65,3.0384365396388486,0.5964314742039715,1.0062941943216046,-0.07399998704301503,-0.11028409774599313,-0.16390183958723448,-0.011052398292439905,0.048120108521712446,0.6342912544622971,-2595.372,781.739,0.6287962287938126,16.65,1057.4468949646578
13.4,-3651.174880851875,727.0398751801972,13.860891591502075,-2595.372,781.739,16.65,3.095100128998012,0.6420782655476457,0.972875642361778,-0.09187897043956816,-0.0197447080185138,0.018969215769297776,0.025266110713134834,-0.012770379595605393,0.633853308551179,-2595.372,781.739,0.6287962287938126,16.65,1057.2225388237264
13.5,-3650.9634839241403,727.2699374675976,13.960595415117771,-2595.372,781.739,16.65,3.020060745550935,0.5924825326002687,1.0100880374754642,-0.1182634465119321,-0.14407127156385702,0.10799429138061534,0.0034375527407375854,0.041288336330722646,0.634561004960463,-2595.372,781.739,0.6287962287938126,16.65,1056.9992869455252
13.600000000000001,-3650.751784951852,727.4995981270604,14.050684478193505,-2595.372,781.739,16.65,3.0714474396956275,0.6132640112348754,0.9944745006379002,-0.05659408728526216,-0.0013625030562338658,0.018522851860969247,0.011793311316153047,-0.0041870004216819625,0.6342349413537977,-2595.372,781.739,0.6287962287938126,16.65,1056.7758322566497
13.700000000000001,-3650.540961657888,727.7278335228317,14.151837997294544,-2595.372,781.739,16.65,3.0087419280938845,0.5922100319890227,1.0137926078476576,-0.12091464375753525,-0.12890033915462507,-0.07470074760200696,0.015408469698572808,0.033038524556710074,0.6345899834314928,-2595.372,781.739,0.6287962287938126,16.65,1056.5533514990154
13.8,-3650.329940178612,727.955063759332,14.240642368318984,-2595.372,781.739,16.65,3.0472645109441205,0.5874839434039505,0.9795343511174989,-0.05458670969112589,0.01936905079393858,-0.009137070261354019,-0.00022852991371203032,0.0035053552141031483,0.6344439933468986,-2595.372,781.739,0.6287962287938126,16.65,1056.330806304369
13.9,-3650.1197879489982,728.1815182247875,14.342331200855904,-2595.372,781.739,16.65,2.9978245861556596,0.5960838421478104,1.0119651937953869,-0.12939283243864885,-0.18667670679207626,0.06467882775420453,0.03144448148237931,0.02498119403817991,0.6347916281442392,-2595.372,781.739,0.6287962287938126,16.65,1056.1091919743403
14.0,-3649.9092895466906,728.406091606317,14.431376203279168,-2595.372,781.739,16.65,3.021385944456391,0.5501486020455354,0.9924701166683397,-0.023721108953061787,-0.01774376072389039,-0.0008659778590853762,-0.016409999374140227,0.012703265265240958,0.6348331118716758,-2595.372,781.739,0.6287962287938126,16.65,1055.8874070911925
14.100000000000001,-3649.699558362167,728.6305716360013,14.533014715087932,-2595.372,781.739,16.65,2.993080364365046,0.592535090003034,1.0117919982235706,-0.17163785877678528,-0.14848375748172682,-0.06219996407800732,0.039723162299737616,0.011961621981818363,0.6348575795850019,-2595.372,781.739,0.6287962287938126,16.65,1055.6664184826186
14.200000000000001,-3649.4897489229447,728.8524695167515,14.623087687820874,-2595.372,781.739,16.65,2.9870583727010334,0.5204518505491919,0.9800301238527389,-0.0029024387229661386,-0.06545794024147789,-0.023233610845799113,-0.02245822309420056,0.027638306936948784,0.6350523469342356,-2595.372,781.739,0.6287962287938126,16.65,1055.4455561867953
14.3,-3649.28029415957,729.0748249490746,14.723455315704001,-2595.372,781.739,16.65,2.9924998766204527,0.5794435019547384,1.0071452760544108,-0.19620198144317058,-0.061005168499955076,0.09408726912867049,0.03690664753780161,-0.002600543011010451,0.6347501164599262,-2595.372,781.739,0.6287962287938126,16.65,1055.2250562825686
14.4,-3649.071345921942,729.294374871443,14.816281469165821,-2595.372,781.739,16.65,2.9478179764123995,0.5082508168492009,0.9988475776784731,-0.0019131269452365984,-0.09663641895624231,0.035887898855152756,-0.014112131565045018,0.04437068979911802,0.6351626068372995,-2595.372,781.739,0.6287962287938126,16.65,1055.0052667284906
14.5,-3648.8621615604397,729.5145118970431,14.91316144206177,-2595.372,781.739,16.65,2.9921172512314054,0.56011621816349,1.0143228558254413,-0.1301658004699,-0.024830545439643803,0.034659708551453505,0.02822245262650334,-0.01350415315966811,0.634817210616754,-2595.372,781.739,0.6287962287938126,16.65,1054.785255049782
14.600000000000001,-3648.653977529783,729.7322096288007,15.009294753436658,-2595.372,781.739,16.65,2.9217848163184175,0.5032847077612702,1.0057795193887633,-0.057604118858387565,-0.10508476095891739,-0.13184242758733244,-0.004877036226467496,0.048206453281409385,0.6354075162909926,-2595.372,781.739,0.6287962287938126,16.65,1054.5664143843528
14.700000000000001,-3648.44531214064,729.9502464594929,15.102467418204538,-2595.372,781.739,16.65,2.980596427459725,0.5390992659717048,0.9879543703079748,-0.06938634636734164,0.006067096116852966,0.03750175374095033,0.016931169363877657,-0.012348891638411769,0.6350572240353122,-2595.372,781.739,0.6287962287938126,16.65,1054.3471300256047
14.8,-3648.2377748423514,730.1665266081433,15.201175573234238,-2595.372,781.739,16.65,2.907907547044949,0.5044981269846408,1.0132798701369534,-0.08442119091462708,-0.09787681808207127,0.01926802818854867,0.00606898402338083,0.04352979231783998,0.6355239711031825,-2595.372,781.739,0.6287962287938126,16.65,1054.1290997493422
14.9,-3648.029711046289,730.3826516485275,15.292231493382092,-2595.372,781.739,16.65,2.9637121892767997,0.5195239023552906,0.9918079759456845,-0.04008284379419891,0.031211093776815524,0.02179182363626264,0.005910349745709766,-0.0060962379964845164,0.6352571875786533,-2595.372,781.739,0.6287962287938126,16.65,1053.9106103823644
15.0,-3647.8227393710617,730.5977298691982,15.393148636494184,-2595.372,781.739,16.65,2.8998909782861095,0.5107403457400039,1.017638234864206,-0.10387556991408786,-0.14512640767130058,-0.14405134247699358,0.021005312584152693,0.035057028446455134,0.6356662611620879,-2595.372,781.739,0.6287962287938126,16.65,1053.6932988249646
15.100000000000001,-3647.615154518984,730.811821591006,15.48226741163232,-2595.372,781.739,16.65,2.942937075293984,0.49049862082103013,0.9629977074502842,-0.018885985206425815,0.016829045729588987,-0.01390386146043543,-0.009787573307447011,0.003935160019768489,0.6355308563197158,-2595.372,781.739,0.6287962287938126,16.65,1053.4754849222466
15.200000000000001,-3647.4085934873387,731.0257449213619,15.583401812103514,-2595.372,781.739,16.65,2.896113781244826,0.5141061548859209,1.014857462572117,-0.12172707069812638,-0.11661392468425236,0.10922512974866017,0.029247109631860346,0.024854874655956184,0.6355899511073527,-2595.372,781.739,0.6287962287938126,16.65,1053.2587364502656
15.3,-3647.2017050883987,731.2381474575454,15.671711902496096,-2595.372,781.739,16.65,2.918591661154359,0.4671758358841797,0.9848427334000162,0.019149931848737367,-0.019267490018054723,-0.5676375692786655,-0.022056497348876415,0.016770108696967097,0.6355488775578311,-2595.372,781.739,0.6287962287938126,16.65,1053.0417948312709
15.4,-3646.9955070640844,731.4510820615839,15.766164952160505,-2595.372,781.739,16.65,2.899943767614573,0.51025265688231,0.9013299487163843,-0.11240634779779768,0.003756528137489834,-0.9688260091716803,0.03058565326268408,0.011354928952547267,0.6353403492013001,-2595.372,781.739,0.6287962287938126,16.65,1052.8255584211174
15.5,-3646.789625836706,731.6621056649675,15.842060403844098,-2595.372,781.739,16.65,2.8961103915947994,0.4679271415116777,0.7910775315656808,-0.06178970655009941,-0.11154486075329784,-0.8245080205230364,-0.014201314277363188,0.023766450453051407,0.6350433315526176,-2595.372,781.739,0.6287962287938126,16.65,1052.6097909637401
15.600000000000001,-3646.583931734095,731.8733255194985,15.916248724815409,-2595.372,781.739,16.65,2.887585826304553,0.48794368473165145,0.7364283446117772,-0.03896982139611893,0.038469806681291185,-0.6683232313250183,0.014513040078305504,0.018773910010173474,0.6344081799857537,-2595.372,781.739,0.6287962287938126,16.65,1052.3942461370916
15.700000000000001,-3646.3784386507614,732.0833900572147,15.979505796746633,-2595.372,781.739,16.65,2.8883164273155755,0.4756211028479365,0.6574128853006769,-0.033012896517790935,-0.05613298003113831,-0.6273824304248903,-0.0005008423140160484,0.01781248705147073,0.6336121235553246,-2595.372,781.739,0.6287962287938126,16.65,1052.179007225778
15.8,-3646.1731397454846,732.2930980787658,16.038456169843545,-2595.372,781.739,16.65,2.880983247000995,0.47671708872542384,0.6109518585267996,-0.0520153068297482,-0.004549890358666708,-0.4624348519625361,0.0034991664532896447,0.019912302274593917,0.6328857924602427,-2595.372,781.739,0.6287962287938126,16.65,1051.964023383438
15.9,-3645.9680510712333,732.5021911607188,16.09112462193957,-2595.372,781.739,16.65,2.8779133659496257,0.47471112477620314,0.56492591490817,-0.0362546235444281,-0.01835870090040448,-0.5045413448879157,0.0024693464606918023,0.01893506120739854,0.6322729607834275,-2595.372,781.739,0.6287962287938126,16.65,1051.749322896304
16.0,-3645.7631689805944,732.7107748602089,16.138813080462786,-2595.372,781.739,16.65,2.8737323222921094,0.47304534854534297,0.5100435895492168,-0.0400040787487459,-0.017056545133502965,-0.4432874400767033,0.0023539042842721,0.01919676541112812,0.6317744809145797,-2595.372,781.739,0.6287962287938126,16.65,1051.5348953053553
16.1,-3645.5584873841776,732.9188612209047,16.181946253927126,-2595.372,781.739,16.65,2.8699125501998766,0.4712998157495025,0.4762684268928293,-0.03757633666809035,-0.017512894531310774,-0.3686964462558868,0.002152645159961594,0.019221795647963932,0.6313665068688055,-2595.372,781.739,0.6287962287938126,16.65,1051.320732844662
16.2,-3645.3539978586946,733.1264800839363,16.221211122774783,-2595.372,781.739,16.65,2.8662170549584913,0.4695427696390808,0.43630430029803996,-0.036245081459883366,-0.017501805254308334,-0.3707204418587571,0.0019710885802323636,0.019277239208984803,0.6310330931655197,-2595.372,781.739,0.6287962287938126,16.65,1051.1068246281284
16.3,-3645.1497029585807,733.3336515205494,16.25656127280521,-2595.372,781.739,16.65,2.8626635339079,0.4677994546986408,0.4021243385210783,-0.03484411416740052,-0.017273414973311585,-0.3662838808171578,0.0018016895682958342,0.01933626994539195,0.6307604388229755,-2595.372,781.739,0.6287962287938126,16.65,1050.8931716327988
16.400000000000002,-3644.945596884454,733.5403994309861,16.288397618888006,-2595.372,781.739,16.65,2.8592482321250112,0.4660880866444184,0.3630475241346074,-0.03347490990786284,-0.016881196679444432,-0.3269229928303894,0.0016429251272264507,0.019399487594491314,0.6305375381021866,-2595.372,781.739,0.6287962287938126,16.65,1050.679766213314
16.5,-3644.741672695192,733.7467473076769,16.31714453339981,-2595.372,781.739,16.65,2.8559685519263276,0.464423215362752,0.3367397399550002,-0.032131815871913716,-0.016361999742367406,-0.28713560041491304,0.0014943409557204937,0.01946587796299431,0.6303553054269292,-2595.372,781.739,0.6287962287938126,16.65,1050.466599699229
16.6,-3644.5379249453863,733.9527166830779,16.343097324266225,-2595.372,781.739,16.65,2.8528218689506284,0.4628156866959449,0.30562040405162477,-0.030816717010605288,-0.015755314306932888,-0.28444139756568765,0.0013552761017713126,0.019534656280207865,0.630206268917611,-2595.372,781.739,0.6287962287938126,16.65,1050.2536651347646
16.7,-3644.3343465075072,734.1583291973723,16.366619321549067,-2595.372,781.739,16.65,2.8498052085242067,0.46127215250136544,0.27985146044186265,-0.02953016879661874,-0.015088062647456102,-0.267832230992354,0.001225034895945681,0.019605228409310765,0.6300844582872933,-2595.372,781.739,0.6287962287938126,16.65,1050.0409539294994
16.8,-3644.1309333908744,734.3636035053825,16.38785492938671,-2595.372,781.739,16.65,2.8469158351913046,0.4597980741664537,0.2520539578531541,-0.028273623187299535,-0.014382108542597472,-0.24870095556295446,0.0011034180312704494,0.01967676264959121,0.6299848146589256,-2595.372,781.739,0.6287962287938126,16.65,1049.828460883122
16.900000000000002,-3643.927678820814,734.568559130302,16.407091725607753,-2595.372,781.739,16.65,2.844150483886747,0.45839573079284585,0.23011126932927106,-0.02704863975827365,-0.01365770082998452,-0.2244733338720235,0.0009896839799845047,0.019748878338297027,0.6299033191375911,-2595.372,781.739,0.6287962287938126,16.65,1049.6161779830043
17.0,-3643.7245797147143,734.7732123041137,16.42437290768403,-2595.372,781.739,16.65,2.84150610723965,0.4570665340004568,0.20715929107874959,-0.025856096679849117,-0.01292749294444695,-0.15832131874359145,0.0008834940355035669,0.019821017904708804,0.6298366503934232,-2595.372,781.739,0.6287962287938126,16.65,1049.4041011526383
17.1,-3643.521628721633,734.9775811746778,16.439981853702236,-2595.372,781.739,16.65,2.8389792645507774,0.4558102322039565,0.1984470055805534,-0.024698292726036186,-0.012203963959272368,-0.12101550169969377,0.0007840689278954173,0.019893011059657306,0.629782094762162,-2595.372,781.739,0.6287962287938126,16.65,1049.1922219438518
17.2,-3643.3188131470397,735.1816867260637,16.454510406306454,-2595.372,781.739,16.65,2.836566448694443,0.4546257412086024,0.1829561907388112,-0.023573281184354755,-0.011492194262155753,-0.08737923462739827,0.0006913245626642201,0.019964269481546244,0.6297374306653903,-2595.372,781.739,0.6287962287938126,16.65,1048.9805264257795
17.3,-3643.116138439167,735.3855369590975,16.46744181610694,-2595.372,781.739,16.65,2.8342646083139065,0.45351179335152536,0.1809711586550743,-0.022479677678198584,-0.01079605629912228,-0.006912848049567488,0.0006043760623103458,0.020034916208012475,0.629700889605696,-2595.372,781.739,0.6287962287938126,16.65,1048.7690196115673
17.400000000000002,-3642.913595981715,735.5891486792545,16.47909994795187,-2595.372,781.739,16.65,2.8320705131588033,0.4524665299487779,0.1815736211288977,-0.02142124264477374,-0.010123055790758784,-0.08061190682250408,0.000523378972074486,0.020104261814606755,0.6296709890412331,-2595.372,781.739,0.6287962287938126,16.65,1048.5576919252815
17.5,-3642.7111801201304,735.7925359978623,16.48962240844749,-2595.372,781.739,16.65,2.8299803597849515,0.4514871821933736,0.16484877729057415,-0.02040062526369546,-0.009478604238284394,-0.10025760054869626,0.0004477988697542104,0.020172258714050224,0.6296464988115998,-2595.372,781.739,0.6287962287938126,16.65,1048.3465369285
17.6,-3642.508881810716,735.9957146997449,16.499346242916978,-2595.372,781.739,16.65,2.8279903881060644,0.450570809101121,0.16152210101915898,-0.01941397206090656,-0.00886116090857092,-0.13139877461049276,0.0003774649837115834,0.020238561686542752,0.6296264157143874,-2595.372,781.739,0.6287962287938126,16.65,1048.1355447149404
17.7,-3642.306705248763,736.1986907166397,16.50780637200775,-2595.372,781.739,16.65,2.8260975653727707,0.4497149500116594,0.1385690223684764,-0.018461097358253298,-0.008271770460369421,-0.1978642913244072,0.00031166888101927573,0.020303426845526305,0.6296099602511664,-2595.372,781.739,0.6287962287938126,16.65,1047.924719167826
17.8,-3642.104641781912,736.4014784048611,16.51531043651528,-2595.372,781.739,16.65,2.8242981686344137,0.44891645500904714,0.12194924275427792,-0.017546457095411583,-0.007715172919571245,-0.07590705236714645,0.00025047577350249123,0.02036637352524354,0.6295964605470535,-2595.372,781.739,0.6287962287938126,16.65,1047.7140508637883
17.900000000000002,-3641.902679720007,736.6040937786964,16.52234771592811,-2595.372,781.739,16.65,2.8225882739536883,0.4481719154277451,0.12338761189504689,-0.016666571182392786,-0.007188256880303001,0.02895367953169259,0.00019327302425067345,0.02042767409443639,0.6295853834973134,-2595.372,781.739,0.6287962287938126,16.65,1047.503527273265
18.0,-3641.700819582163,736.8065436488044,16.52867322377398,-2595.372,781.739,16.65,2.8209648543979355,0.4474788036329866,0.12773997866061632,-0.015819328878285077,-0.0066890115289583996,-0.06200011427347918,0.00014010569592168382,0.020486916552150534,0.6295762780451071,-2595.372,781.739,0.6287962287938126,16.65,1047.2931485702281
18.1,-3641.499057039118,737.008837800128,16.534335176474833,-2595.372,781.739,16.65,2.8194244081780315,0.4468341131219534,0.11098758904035036,-0.015007325678345396,-0.006219849766971652,-0.07640985927852062,9.061493282416012e-05,0.020544175871380965,0.6295687854008374,-2595.372,781.739,0.6287962287938126,16.65,1047.0829099255245
18.2,-3641.297386061508,737.210986794136,16.539486100776198,-2595.372,781.739,16.65,2.8179633892622666,0.4462348336795922,0.11245800680491161,-0.014229150848025895,-0.0057791258090929,-0.09442160172227715,4.452575802861408e-05,0.02059947148282497,0.6295626137959175,-2595.372,781.739,0.6287962287938126,16.65,1046.872804776826
18.3,-3641.095802577736,737.4129993581719,16.544164003548712,-2595.372,781.739,16.65,2.8165785780084263,0.4456782879601348,0.09210326869589423,-0.013483626367124302,-0.005365303705221258,-0.12195914811268671,1.6367709465286655e-06,0.02065276491791983,0.6295575217166728,-2595.372,781.739,0.6287962287938126,16.65,1046.6628286185562
18.400000000000002,-3640.8943039592837,737.6148827695167,16.5483241660045,-2595.372,781.739,16.65,2.815266663988842,0.4451617729385479,0.08806617718237392,-0.012771715067744438,-0.004978617729886725,-0.0314445858372181,-3.819186804737777e-05,0.02070396352107243,0.6295533112804503,-2595.372,781.739,0.6287962287938126,16.65,1046.4529784637596
18.5,-3640.69287649596,737.8166520233466,16.552589357860764,-2595.372,781.739,16.65,2.814024234994877,0.4446825644141575,0.08581435152845057,-0.01209042550328121,-0.00461624878386635,-0.034024501094376436,-7.52905926228775e-05,0.020753241160431327,0.6295498211550089,-2595.372,781.739,0.6287962287938126,16.65,1046.2432398724961
18.6,-3640.491528372642,738.0183057677509,16.556276773249458,-2595.372,781.739,16.65,2.8128485788881856,0.4442385231817746,0.08126127696349858,-0.011438243325279984,-0.004276441730866498,-0.05206757024811065,-0.0001097947725173238,0.02080056895049467,0.6295469227819706,-2595.372,781.739,0.6287962287938126,16.65,1046.0336211011797
18.7,-3640.2902559496288,738.2198509502091,16.55941658053156,-2595.372,781.739,16.65,2.8117365863298214,0.4438272760679842,0.07540083747882853,-0.01081688987345153,-0.003959905070430203,-0.04806282431432951,-0.00014178636285579495,0.02084583505423696,0.6295445056644922,-2595.372,781.739,0.6287962287938126,16.65,1045.824118174843
18.8,-3640.0890525404025,738.4212964940867,16.562225154724764,-2595.372,781.739,16.65,2.8106852009134955,0.4434465421676886,0.07164871210063278,-0.010225877280346296,-0.0036656597815225567,0.003236350497868412,-0.0001715051232099998,0.020889182569126426,0.6295424836166456,-2595.372,781.739,0.6287962287938126,16.65,1045.614723983053
18.900000000000002,-3639.887910072332,738.6226520453594,16.565007476923952,-2595.372,781.739,16.65,2.809691410873752,0.4430941441116797,0.07604810757840222,-0.009660732744531941,-0.0033901697933282904,0.05038232714764607,-0.0001991221648045638,0.020930674611335846,0.6295407834443976,-2595.372,781.739,0.6287962287938126,16.65,1045.4054300025932
19.0,-3639.6868376742095,738.8239142590534,16.56704879549191,-2595.372,781.739,16.65,2.808753054364589,0.44276850820902286,0.08172517753016192,-0.009121793346437812,-0.003133054111221334,0.1427738039604573,-0.00022481464594867464,0.020970412125761062,0.6295393503638635,-2595.372,781.739,0.6287962287938126,16.65,1045.1962455211776
19.1,-3639.4858221452355,739.0250961301878,16.56896908484193,-2595.372,781.739,16.65,2.807867052204464,0.4424675332894355,0.10460286837049418,-0.008611037212967076,-0.0028950572252126605,-0.0813779308986472,-0.0002486109600405467,0.02100827941693076,0.6295381330968336,-2595.372,781.739,0.6287962287938126,16.65,1044.987156736647
19.200000000000003,-3639.284855850212,739.2262062765985,16.571063254603395,-2595.372,781.739,16.65,2.807030846921996,0.44218949676398034,0.06544959135043225,-0.008124785826822745,-0.0026733861398051673,-0.21338631403110064,-0.00027070423088328946,0.02104442574617295,0.6295370918954372,-2595.372,781.739,0.6287962287938126,16.65,1044.7781556246875
19.3,-3639.083946179834,739.4272419118288,16.572738555343474,-2595.372,781.739,16.65,2.8062420950390994,0.4419328560614745,0.061925605564272936,-0.007662620370370021,-0.0024673017773180206,-0.025575837925301326,-0.0002911617197262809,0.02107882799709173,0.629536195795364,-2595.372,781.739,0.6287962287938126,16.65,1044.5692497103005
19.400000000000002,-3638.883086641081,739.6282104033265,16.574233081351352,-2595.372,781.739,16.65,2.8054983228479218,0.44169603640851673,0.06033442376537208,-0.007224691784763593,-0.002276443738573608,-0.0046550763360933,-0.000310111450247243,0.021111560435314168,0.6295354175662531,-2595.372,781.739,0.6287962287938126,16.65,1044.3604321707764
19.5,-3638.682273804422,739.8291166477101,16.575608638635696,-2595.372,781.739,16.65,2.8047971566821466,0.44147756731375976,0.060994590297054195,-0.006809037767052217,-0.002099275492082775,0.021469998905307763,-0.00032764141716110556,0.02114265154026104,0.6295347358779577,-2595.372,781.739,0.6287962287938126,16.65,1044.1516993629498
19.6,-3638.4815081238876,740.0299624460571,16.57670294830209,-2595.372,781.739,16.65,2.8041365152945112,0.4412761813101002,0.06462842354643374,-0.006414799122705261,-0.0019349088235252054,-0.023144596720896027,-0.00034394224984466657,0.021172326911217367,0.6295341335839069,-2595.372,781.739,0.6287962287938126,16.65,1043.9430516673756
19.700000000000003,-3638.2807786556887,740.2307580272271,16.578033255764712,-2595.372,781.739,16.65,2.8035141968576056,0.4410905855490547,0.05636567095287493,-0.006041179863393253,-0.0017825505211548354,-0.0035516603316970152,-0.0003589850483055196,0.02120042176824591,0.6295335959364419,-2595.372,781.739,0.6287962287938126,16.65,1043.7344776943908
19.8,-3638.080092543492,740.4314998385369,16.579053029877194,-2595.372,781.739,16.65,2.802928279321833,0.4409196712058693,0.06391809148009378,-0.005686566943778004,-0.001641015971848958,0.0394013427410711,-0.00037295994983036715,0.021227195102999714,0.6295331113928924,-2595.372,781.739,0.6287962287938126,16.65,1043.5259847549314
19.900000000000002,-3637.8794476670014,740.6321911742629,16.579768644225865,-2595.372,781.739,16.65,2.80237688346885,0.4407623823546849,0.06424593950108887,-0.0053513427137765746,-0.0015101933203296447,-0.04431332415846795,-0.00038585361104203855,0.021252524506385796,0.6295326702632381,-2595.372,781.739,0.6287962287938126,16.65,1043.3175705917374
20.0,-3637.6788345387513,740.8328407727456,16.580626327135843,-2595.372,781.739,16.65,2.8018580107790774,0.4406176325418034,0.05505542664840055,-0.0050343784346065235,-0.0013892220803652933,-0.0322199566346853,-0.0003977949624301472,0.021276572815770747,0.6295322646218638,-2595.372,781.739,0.6287962287938126,16.65,1043.1092253458523
20.1,-3637.478259055296,741.0334456100397,16.581170230674463,-2595.372,781.739,16.65,2.801370007781929,0.4404845379386118,0.057801948174152254,-0.0047347227324969765,-0.0012773465872140122,0.021985477245330676,-0.0004088095640578656,0.021299305802817557,0.6295318880067444,-2595.372,781.739,0.6287962287938126,16.65,1042.9009550565936
20.200000000000003,-3637.2777095237557,741.2340158789387,16.581985963371736,-2595.372,781.739,16.65,2.800911066232578,0.44036216322436067,0.05945252209746676,-0.004451549642658037,-0.001173929772351645,-0.015203851983564942,-0.0004190253936073445,0.021320909869672888,0.6295315351712838,-2595.372,781.739,0.6287962287938126,16.65,1042.6927476024555
20.3,-3637.077191429936,741.4345486471253,16.582652027840805,-2595.372,781.739,16.65,2.800479697853397,0.4402497519841415,0.0547611777774395,-0.004183696436706796,-0.0010781882246324592,0.0040446119316594475,-0.0004284159133562797,0.021341252428117394,0.6295312017735116,-2595.372,781.739,0.6287962287938126,16.65,1042.4846086090124
20.400000000000002,-3636.8767029628134,741.635046418657,16.5831814423451,-2595.372,781.739,16.65,2.8000743269452366,0.4401465255794342,0.06026144448379901,-0.003930614771082475,-0.0009896795895851795,0.06646244971128362,-0.0004371401967937084,0.021360612783542652,0.6295308843495873,-2595.372,781.739,0.6287962287938126,16.65,1042.2765361703355
20.5,-3636.6762430213585,741.8355110708764,16.583549937377434,-2595.372,781.739,16.65,2.7996935748991807,0.4400518160662245,0.0680536677196961,-0.003691484365138109,-0.00090783359961355,-0.00735474339590847,-0.0004451687762921658,0.02137885815298982,0.6295305799993867,-2595.372,781.739,0.6287962287938126,16.65,1042.0685291182208
20.6,-3636.4758124900836,742.0359428915781,16.58362080229208,-2595.372,781.739,16.65,2.799336030072209,0.4399649588595115,0.058790495804616705,-0.0034663923350084502,-0.0008325118666210329,-0.04153511409937588,-0.00045257410091650754,0.021396092081609256,0.6295302863408379,-2595.372,781.739,0.6287962287938126,16.65,1041.8605883376817
20.700000000000003,-3636.275400948603,742.2363506924377,16.58392574113148,-2595.372,781.739,16.65,2.7990002964321787,0.43988531369290024,0.05974664489982082,-0.003254218433282219,-0.0007630646165588395,-0.0356252858922505,-0.00045942304315534907,0.021412411866449058,0.6295300014342614,-2595.372,781.739,0.6287962287938126,16.65,1041.6527030514978
20.8,-3636.075008602588,742.4367351328517,16.58437610882858,-2595.372,781.739,16.65,2.7986851863855526,0.4398123459361997,0.051665438626166946,-0.003053858263125875,-0.0006988698061922705,-0.022283065815584813,-0.00046574143500309066,0.021427825638600836,0.6295297236969546,-2595.372,781.739,0.6287962287938126,16.65,1041.4448734545008
20.900000000000002,-3635.8746381673573,742.637094893414,16.584740015741968,-2595.372,781.739,16.65,2.7983895247795534,0.4397455397316618,0.055290031736704284,-0.0028650814314765682,-0.0006396991336936608,-0.00247977582417952,-0.0004715531854111767,0.02144234063371446,0.6295294518485888,-2595.372,781.739,0.6287962287938126,16.65,1041.2371023331145
21.0,-3635.6742887529786,742.8374313406914,16.58500091033495,-2595.372,781.739,16.65,2.7981121700992575,0.439684406109461,0.05116948346133132,-0.0026875712571161614,-0.0005852965450601211,0.02806493482839334,-0.00047688754582241895,0.02145597805877051,0.6295291848201918,-2595.372,781.739,0.6287962287938126,16.65,1041.0293887560151
21.1,-3635.473953588451,743.0377502715016,16.58549055187454,-2595.372,781.739,16.65,2.79785201052813,0.4396284804226498,0.06090301870238343,-0.0025202954773551056,-0.0005351395134991499,-0.014645037935371197,-0.00048183886197454855,0.02146893682605164,0.6295289217154709,-2595.372,781.739,0.6287962287938126,16.65,1040.8217257294975
21.200000000000003,-3635.2736345851476,743.2380508078661,16.58603527575859,-2595.372,781.739,16.65,2.7976081110037865,0.4395773782067612,0.04824047587425705,-0.0023626157436051898,-0.0004888689692372772,-0.04647572606159189,-0.00048638552121347937,0.021481116592845153,0.6295286618497545,-2595.372,781.739,0.6287962287938126,16.65,1040.61411521901
21.3,-3635.0733346008947,743.4383313031198,16.586409180328193,-2595.372,781.739,16.65,2.797379487379409,0.43953070662880234,0.05160787349006452,-0.0022140162348627257,-0.00044620496739256055,0.12331894227901391,-0.0004905671101987076,0.021492584494767656,0.6295284046381048,-2595.372,781.739,0.6287962287938126,16.65,1040.4065601664104
21.400000000000002,-3634.8730560538447,743.6385903990731,16.586415511967516,-2595.372,781.739,16.65,2.797165307756814,0.43948813721328267,0.07290426433006038,-0.002073921282443436,-0.0004068475130591942,0.10760170259501106,-0.000494431293795281,0.021503434852737587,0.6295281496072266,-2595.372,781.739,0.6287962287938126,16.65,1040.1990630604337
21.5,-3634.672792946658,743.8388331270296,16.586352947250187,-2595.372,781.739,16.65,2.7969647031229203,0.4394493371261905,0.07312821400906741,-0.0019425746803545252,-0.00037079325505207095,0.024916807978698385,-0.0004979706211851796,0.02151360910629388,0.6295278963846782,-2595.372,781.739,0.6287962287938126,16.65,1039.9916177159787
21.6,-3634.472538775793,744.0390648717165,16.586552304042943,-2595.372,781.739,16.65,2.796776792820743,0.43941397856227216,0.0778876259258002,-0.0018191582702460352,-0.0003376770598015888,-0.022058343839435557,-0.000501231040514975,0.021523205982840195,0.6295276446196615,-2595.372,781.739,0.6287962287938126,16.65,1039.78421743092
21.700000000000003,-3634.2722991836386,744.2392816974289,16.586636904589266,-2595.372,781.739,16.65,2.796600871468871,0.4393818017142302,0.06871654524118023,-0.001703034194543207,-0.00030720487964552845,-0.0917605013669513,-0.0005042216656381992,0.02153221939162538,0.6295273940672333,-2595.372,781.739,0.6287962287938126,16.65,1039.576868024442
21.8,-3634.072071876461,744.4394857050677,16.586696637167176,-2595.372,781.739,16.65,2.7964361859818343,0.4393525375863431,0.05953552565241001,-0.001594072576313721,-0.0002792671878157904,-0.018087370617691056,-0.0005069685749538299,0.02154069810774617,0.6295271445057904,-2595.372,781.739,0.6287962287938126,16.65,1039.3695671367905
21.900000000000002,-3633.871858202883,744.6396761800414,16.586611015180466,-2595.372,781.739,16.65,2.796282056953608,0.4393259482766671,0.06509907111764256,-0.001491769635611817,-0.0002536348308317393,0.021867658528325784,-0.0005094873563437663,0.021548660970814176,0.6295268957635669,-2595.372,781.739,0.6287962287938126,16.65,1039.1623161631053
22.0,-3633.6716544557726,744.8398562486021,16.586557295175805,-2595.372,781.739,16.65,2.7961378320547117,0.4393018106201767,0.0639090573580754,-0.001395776303366958,-0.00023013816849282165,0.07819984693107657,-0.0005117998396671296,0.02155614960713402,0.6295266476913539,-2595.372,781.739,0.6287962287938126,16.65,1038.955111290926
22.1,-3633.4714589484342,745.0400274671433,16.586596850161015,-2595.372,781.739,16.65,2.796002901692935,0.4392799206429686,0.08073904050385845,-0.0013056564919811109,-0.00020858727541961386,0.0187424985384112,-0.0005139215654371896,0.021563188706510878,0.6295264001740986,-2595.372,781.739,0.6287962287938126,16.65,1038.7479507917014
22.200000000000003,-3633.271272507848,745.2401894451028,16.58664641604263,-2595.372,781.739,16.65,2.7958767007563154,0.43926009316509285,0.06765755706575768,-0.0012209331879784457,-0.00018879056348986012,-0.13480059406372985,-0.0005158657381153578,0.02156979782985668,0.6295261531171642,-2595.372,781.739,0.6287962287938126,16.65,1038.5408355273853
22.3,-3633.071096568699,745.4403413061735,16.58658920948744,-2595.372,781.739,16.65,2.795758715055339,0.4392421625302706,0.053778921691112605,-0.0011414277358881009,-0.0001706491187021264,-0.0142378210945735,-0.0005176498298486664,0.021576014150934172,0.6295259064409305,-2595.372,781.739,0.6287962287938126,16.65,1038.3337669860273
22.400000000000002,-3632.870929273913,745.6404846749682,16.586502480174822,-2595.372,781.739,16.65,2.795648415209138,0.43922596334135244,0.06480999284684388,-0.0010670432040988942,-0.00015408986268461433,0.1314776123819109,-0.0005192820701116798,0.02158184448329752,0.6295256600875587,-2595.372,781.739,0.6287962287938126,16.65,1038.1267432665065
22.5,-3632.670766128302,745.8406231794823,16.586619104633943,-2595.372,781.739,16.65,2.7955453064145193,0.43921134455773364,0.08007444416749454,-0.0009974651508901644,-0.00013898244032040097,0.049270057298933634,-0.000520763605476484,0.02158726970063114,0.6295254140248531,-2595.372,781.739,0.6287962287938126,16.65,1037.91975975351
22.6,-3632.470603110093,746.0407600674488,16.587146219485867,-2595.372,781.739,16.65,2.7954489221789602,0.4391981668532884,0.07466400430662985,-0.0009319138640719871,-0.00012508004906885972,-0.03595193297328175,-0.0005221405418300244,0.02159244172591962,0.6295251681436818,-2595.372,781.739,0.6287962287938126,16.65,1037.712812322266
22.700000000000003,-3632.270455795313,746.240883562135,16.587149296601726,-2595.372,781.739,16.65,2.7953589236417047,0.4391863285479199,0.0728840575728381,-0.000870298212889864,-0.00011232397608385014,-0.047274705489820934,-0.0005233923862775446,0.021597266719661105,0.6295249224721399,-2595.372,781.739,0.6287962287938126,16.65,1037.5059170200198
22.8,-3632.07031192924,746.441003191763,16.587318442676874,-2595.372,781.739,16.65,2.7952748625363824,0.4391757020580716,0.0652090632086659,-0.0008127649819940075,-0.00010072316970211048,-0.054702515488812664,-0.0005245353357526268,0.021601787803377875,0.6295246769677121,-2595.372,781.739,0.6287962287938126,16.65,1037.299061247328
22.900000000000002,-3631.870176496531,746.6411152647337,16.58734000838021,-2595.372,781.739,16.65,2.795196370645306,0.4391661839139795,0.06194355447507576,-0.0007588511809508702,-9.012766520655191e-05,-0.07415942769767947,-0.0005255771263536949,0.021606018990760714,0.6295244316093839,-2595.372,781.739,0.6287962287938126,16.65,1037.092250149329
23.0,-3631.6700498097616,746.8412196570607,16.587174155886284,-2595.372,781.739,16.65,2.795123092300192,0.43915767652503024,0.05037717766913036,-0.0007084554742373683,-8.048414237293855e-05,-0.026619549083991723,-0.0005265265304417936,0.021609979154159468,0.6295241863775682,-2595.372,781.739,0.6287962287938126,16.65,1036.8854840624717
23.1,-3631.469927140618,747.041320097121,16.587076118872293,-2595.372,781.739,16.65,2.7950546795504585,0.43915008708550496,0.05661964465827807,-0.0006613418107459523,-7.170861695904307e-05,0.10258893627300025,-0.0005273935072213844,0.021613694653661735,0.6295239412523183,-2595.372,781.739,0.6287962287938126,16.65,1036.678758138288
23.200000000000003,-3631.2698060177822,747.2414185745423,16.587170736829115,-2595.372,781.739,16.65,2.794990823938043,0.4391433348016384,0.07089496492373071,-0.0006171670594756762,-6.369658087024277e-05,0.11127307545325288,-0.00052818438273762,0.02161717854283473,0.6295236962236992,-2595.372,781.739,0.6287962287938126,16.65,1036.4720698524286
23.3,-3631.0696918213084,747.4415110524449,16.587126570352737,-2595.372,781.739,16.65,2.7949312461385634,0.43913734776933083,0.0788742597489288,-0.0005758122739347726,-5.63991994986246e-05,-0.06461767693196341,-0.0005289031579158056,0.021620434433985983,0.6295234512880503,-2595.372,781.739,0.6287962287938126,16.65,1036.265424756207
23.400000000000002,-3630.869578114303,747.6416025429511,16.58730171951875,-2595.372,781.739,16.65,2.794875661483256,0.43913205496173874,0.05797142953733705,-0.0005371442856372255,-4.9766372231196954e-05,-0.12611290453025975,-0.0005295593472876671,0.021623492503452503,0.6295232064293732,-2595.372,781.739,0.6287962287938126,16.65,1036.0588162479028
23.5,-3630.669469199685,747.8416898189735,16.587429646572552,-2595.372,781.739,16.65,2.794823817281436,0.43912739449488464,0.053651678842876346,-0.0005009861788245473,-4.373945339830598e-05,0.02862202906957706,-0.0005301544839090707,0.021626347670558068,0.6295229616515136,-2595.372,781.739,0.6287962287938126,16.65,1035.8522487709483
23.6,-3630.469361223707,748.0417758988852,16.587719894048966,-2595.372,781.739,16.65,2.794775464247491,0.43912330707105907,0.06369583535125295,-0.0004671421775110929,-3.8260291605585195e-05,0.010821174875409012,-0.0005306958787787446,0.021629022787785123,0.6295227169442746,-2595.372,781.739,0.6287962287938126,16.65,1035.6457183821183
23.700000000000003,-3630.2692597279165,748.24185659248,16.587835773053484,-2595.372,781.739,16.65,2.7947303888459336,0.43911974243656354,0.05581591381795818,-0.0004354773236254772,-3.328407226899088e-05,-0.0584203787638089,-0.0005311865786825109,0.021631521409726066,0.6295224723085538,-2595.372,781.739,0.6287962287938126,16.65,1035.4392307968662
23.8,-3630.0691651828315,748.4419315913176,16.5877367677241,-2595.372,781.739,16.65,2.794688368782766,0.43911665025660523,0.05201175959849107,-0.0004059580890256598,-2.878808980133485e-05,-0.041811848421311776,-0.0005316311419693151,0.021633855849050247,0.6295222277402869,-2595.372,781.739,0.6287962287938126,16.65,1035.2327865164968
23.900000000000002,-3629.8690700229013,748.6420067426666,16.587851071740612,-2595.372,781.739,16.65,2.7946491972281287,0.43911398481860336,0.047453544133695826,-0.00037837174999921785,-2.471648881474664e-05,-0.006080832705598449,-0.0005320345748056653,0.021636041758050742,0.6295219832351553,-2595.372,781.739,0.6287962287938126,16.65,1035.026377785191
24.0,-3629.6689794845397,748.8420780741881,16.587862291871794,-2595.372,781.739,16.65,2.7946126944327663,0.4391117069588423,0.0507955930573711,-0.000352579892137328,-2.102945534021572e-05,0.01421854270567302,-0.0005324000386910392,0.021638086622092687,0.6295217387931404,-2595.372,781.739,0.6287962287938126,16.65,1034.8200100037352
24.1,-3629.4688878015445,749.0421500451131,16.58809524301182,-2595.372,781.739,16.65,2.794578681249701,0.4391097789275354,0.05029725267483028,-0.0003285267518418067,-1.770384801202951e-05,-0.004891758393638618,-0.0005327291290758545,0.02163998897695044,0.6295214944191893,-2595.372,781.739,0.6287962287938126,16.65,1034.6136772679993
24.200000000000003,-3629.268799305396,749.2422193683863,16.588287677168186,-2595.372,781.739,16.65,2.7945469890823977,0.43910816618923987,0.049817241378643365,-0.0003060011782434202,-1.4691863578164543e-05,-0.016636461184122125,-0.0005330291265174598,0.02164178337996488,0.6295212500980977,-2595.372,781.739,0.6287962287938126,16.65,1034.4073840483607
24.3,-3629.0687147153244,749.4422855231977,16.588388206205867,-2595.372,781.739,16.65,2.7945174810140525,0.4391068405548197,0.046969960438005956,-0.0002849603378525245,-1.1974527414970737e-05,0.021680530730458947,-0.0005332988915318053,0.021643453660010834,0.6295210058442056,-2595.372,781.739,0.6287962287938126,16.65,1034.2011311032609
24.400000000000002,-3628.86862720777,749.6423537692225,16.5887849964659,-2595.372,781.739,16.65,2.794489997014827,0.43910577128375683,0.054153347524735496,-0.00026531085566183776,-9.52709856738565e-06,0.012293974923886203,-0.0005335417565637869,0.021645011901827636,0.6295207616540685,-2595.372,781.739,0.6287962287938126,16.65,1033.994911446075
24.5,-3628.66855336556,749.8424114151532,16.58850470338519,-2595.372,781.739,16.65,2.79446441884292,0.4391049351351062,0.04942875542278361,-0.00024697637319093246,-7.32691636784466e-06,-0.02710148434324741,-0.0005337604581407907,0.02164646760956351,0.629520517526851,-2595.372,781.739,0.6287962287938126,16.65,1033.7887421239257
24.6,-3628.4684747596166,750.0424726143267,16.588611893508304,-2595.372,781.739,16.65,2.794440601740189,0.4391043059004833,0.048733050656086185,-0.00022992531631871316,-5.359948143990323e-06,0.03440359772853069,-0.0005339573303886288,0.021647828642789278,0.6295202734620652,-2595.372,781.739,0.6287962287938126,16.65,1033.582604235171
24.700000000000003,-3628.2683963065983,750.2425336158404,16.58881316579011,-2595.372,781.739,16.65,2.7944184337796565,0.4391038631454774,0.05630947496848985,-0.00021399831765123167,-3.5936235547318063e-06,0.11327479006985791,-0.0005341337808107095,0.0216490966925535,0.6295200294627296,-2595.372,781.739,0.6287962287938126,16.65,1033.3765028496027
24.8,-3628.0683200485755,750.4425928710525,16.588982800013685,-2595.372,781.739,16.65,2.794397802076659,0.4391035871757723,0.07138800867005742,-0.00019911140706696528,-2.0091793113685696e-06,-0.038110425422896804,-0.0005342909111948371,0.021650272078361794,0.6295197855317762,-2595.372,781.739,0.6287962287938126,16.65,1033.1704400843792
24.900000000000002,-3627.868253947065,750.6426442896724,16.588651240601187,-2595.372,781.739,16.65,2.794378611498243,0.4391034613096151,0.048687389883909166,-0.00018522521831876304,-5.935242901600191e-07,-0.09279283176303699,-0.0005344331901786821,0.021651382190870518,0.6295195416589066,-2595.372,781.739,0.6287962287938126,16.65,1032.9644241293386
25.0,-3627.6681869349513,750.8426963719279,16.588456315038208,-2595.372,781.739,16.65,2.794360757032995,0.4391034684709143,0.05282944231744914,-0.00017854465248046505,7.161299220293113e-08,0.04142052433540063,-0.0005345598085965078,0.0216524138336616,0.6295192978543378,-2595.372,781.739,0.6287962287938126,16.65,1032.7584436478567
